{"title":"Paris Rh\u00f4ne Energy to Showcase Green Energy Storage Solutions at RE+ 2023 - PR Newswire","links":"[{'rel': 'alternate', 'type': 'text\/html', 'href': 'https:\/\/news.google.com\/rss\/articles\/CBMigAFodHRwczovL3d3dy5wcm5ld3N3aXJlLmNvbS9uZXdzLXJlbGVhc2VzL3BhcmlzLXJob25lLWVuZXJneS10by1zaG93Y2FzZS1ncmVlbi1lbmVyZ3ktc3RvcmFnZS1zb2x1dGlvbnMtYXQtcmUtMjAyMy0zMDE5MTc1MTguaHRtbNIBAA?oc=5'}]","link":"https:\/\/news.google.com\/rss\/articles\/CBMigAFodHRwczovL3d3dy5wcm5ld3N3aXJlLmNvbS9uZXdzLXJlbGVhc2VzL3BhcmlzLXJob25lLWVuZXJneS10by1zaG93Y2FzZS1ncmVlbi1lbmVyZ3ktc3RvcmFnZS1zb2x1dGlvbnMtYXQtcmUtMjAyMy0zMDE5MTc1MTguaHRtbNIBAA?oc=5","id":"CBMigAFodHRwczovL3d3dy5wcm5ld3N3aXJlLmNvbS9uZXdzLXJlbGVhc2VzL3BhcmlzLXJob25lLWVuZXJneS10by1zaG93Y2FzZS1ncmVlbi1lbmVyZ3ktc3RvcmFnZS1zb2x1dGlvbnMtYXQtcmUtMjAyMy0zMDE5MTc1MTguaHRtbNIBAA","guidislink":false,"published":"Tue, 05 Sep 2023 07:00:00 GMT","published_parsed":"time.struct_time(tm_year=2023, tm_mon=9, tm_mday=5, tm_hour=7, tm_min=0, tm_sec=0, tm_wday=1, tm_yday=248, tm_isdst=0)","summary":"<a href=\"https:\/\/news.google.com\/rss\/articles\/CBMigAFodHRwczovL3d3dy5wcm5ld3N3aXJlLmNvbS9uZXdzLXJlbGVhc2VzL3BhcmlzLXJob25lLWVuZXJneS10by1zaG93Y2FzZS1ncmVlbi1lbmVyZ3ktc3RvcmFnZS1zb2x1dGlvbnMtYXQtcmUtMjAyMy0zMDE5MTc1MTguaHRtbNIBAA?oc=5\" target=\"_blank\">Paris Rh\u00f4ne Energy to Showcase Green Energy Storage Solutions at RE+ 2023<\/a>&nbsp;&nbsp;<font color=\"#6f6f6f\">PR Newswire<\/font>","title_detail.type":"text\/plain","title_detail.language":null,"title_detail.base":null,"title_detail.value":"Paris Rh\u00f4ne Energy to Showcase Green Energy Storage Solutions at RE+ 2023 - PR Newswire","summary_detail.type":"text\/html","summary_detail.language":null,"summary_detail.base":null,"summary_detail.value":"<a href=\"https:\/\/news.google.com\/rss\/articles\/CBMigAFodHRwczovL3d3dy5wcm5ld3N3aXJlLmNvbS9uZXdzLXJlbGVhc2VzL3BhcmlzLXJob25lLWVuZXJneS10by1zaG93Y2FzZS1ncmVlbi1lbmVyZ3ktc3RvcmFnZS1zb2x1dGlvbnMtYXQtcmUtMjAyMy0zMDE5MTc1MTguaHRtbNIBAA?oc=5\" target=\"_blank\">Paris Rh\u00f4ne Energy to Showcase Green Energy Storage Solutions at RE+ 2023<\/a>&nbsp;&nbsp;<font color=\"#6f6f6f\">PR Newswire<\/font>","source.href":"https:\/\/www.prnewswire.com","source.title":"PR Newswire","query":"https:\/\/news.google.com\/rss\/search?q=\"Power conservation\" \"new products\"+after:2023-09-01+before:2023-09-30","text":"When we venture towards a greener future, it's significant to highlight the promising role of Paris Rh\u00f4ne Energy. Paris Rh\u00f4ne Energy is a leading energy technology company that provides advanced power grid software solutions, backup and prime power systems for home and industrial applications, solar + battery storage solutions, virtual power plant platforms, and engine- and battery-powered tools and equipment. We are committed to sustainable, cleaner energy products poised to revolutionize the 21st-century electrical grid. As a leading provider of reliable energy products, we have driven productive transformations in power conservation. With the adoption of eco-friendly technologies, we empower individuals to pave the way toward a more sustainable life. Understanding Home Battery Storage Let's dive into the concept of energy storage systems in the following: 1. What Are Home Battery Storage Systems? Home battery storage systems are energy reservoirs designed to store surplus electricity generated by renewable sources such as solar energy. These innovative solutions allow homeowners to leverage surplus power during demand or emergencies. The primary purpose of storage batteries is to provide users optimal control over energy consumption and liberate them from traditional sources. Home battery storage systems enhance energy independence and promote sustainability. 2. How Home Battery Storage System Works with Renewable Energy Sources? The home battery solutions use renewable sources to build a dynamic energy ecosystem. Sometimes solar panels or wind turbines produce more power than the immediate demand. Instead of wasting the additional energy, the excess power is diverted to the batteries. This storage system efficiently upholds the surplus energy using advanced technologies like lithium-ion batteries. When renewables are not actively producing energy, these storage solutions are activated. They release the stored energy into the home electrical grid and meet your power requirements. 3. Advantages of Home Battery Storage for Homeowners & Environment Home battery storage offers a multitude of benefits for homeowners and the environment, making it a compelling choice for users. For example: 1) Energy Storage systems allow homeowners to power their homes with excess electricity during peak demand times. It enhances their energy independence, making them self-reliant. 2) This cutting-edge technology also offers financial benefits to homeowners. By tailoring the stored energy during peak hours, you can avoid high electricity rates and embrace cost savings. 3) An efficient backup source during power outages, blackouts, or emergencies. 4) As the storage battery systems encourage using clean energy, they help mitigate greenhouse emissions and create a more sustainable future. 5) The battery storage systems integrate eco-friendly technologies that contribute to lightening the impact of climate change and protecting our environment. 6) It also helps in stabilizing the electrical grid. The batteries manage the impact on the power grid and handle the variations in renewable electricity output. During peak consumption, the stored energy is deployed to alleviate the strain on the main electricity grid. Paris Rh\u00f4ne Energy Is Going to Attend RE+ 2023 RE+ 2023 is one of the largest solar shows that sets opportunities to present the latest advancements in renewable energy technologies. The event brings together a broad alliance of industry peers to share their sustainable energy solutions and expertise. As a leading manufacturer in the energy sector, we are going to attend this excellent platform. RE+ 2023 will allow Paris Rh\u00f4ne Energy to showcase its innovative technology to foster sustainability on a global scale. 1. Exhibitor Information Paris Rh\u00f4ne Energy is all geared up to participate in the upcoming event at the Sands Expo convention center, 201 Sands Ave, Las Vegas, NV, from 11th-14th Sept. The exhibition is held by Solar Energy Industries Association and Solar Energy Power Association. We will be on Sands level 2 and booth number 5140. Don't forget to visit us and unlock the new tools in the renewable sector. 2. Exhibitor Products All-in-one ESS At the event, we will present our innovative range of eco-conscious products. We are excited to exhibit our All-in-one energy storage system: HESS-PEX-SERIES. The other details are in the following. EV Charger Our EV charging solutions align with our commitment to eco-friendliness. By offering a cleaner solution for charging electric vehicles, we contribute towards reducing greenhouse emissions. Battery Storage System Our all-in-one home energy storage system allows homeowners to store surplus renewable power and optimize energy consumption. Balcony Battery We are excited to display our balcony battery which is creatively designed for SOC. Its space-saving design, DIY installation, and high power make it an ideal choice for homeowners. BYD Blade Battery Storage BYD blade battery storage integrates an intelligent management system. Its ultra-thin and sleek design makes it an easy-to-operate solar battery for home use. Being energy efficient, it contributes toward the conservation of renewable power. Paris Rh\u00f4ne Energy's All-in-One ESS Ready to invest in reliable energy storage systems? Look no further than all-in-one ESS from Paris Rh\u00f4ne Energy. We offer an all-in-one home energy storage system to enhance your energy independence. Our all-in-one home energy storage system has the following advantages: 10-year long warranty Expandable capacity of 10.24kwh-76.8kwh Energy efficiency and reduced carbon footprint Fast recharging in 1.5 hours Smart monitoring control Moreover, we will launch our new product, HESS-PEX-SERIES, at the exhibition, bringing you a brand new experience. Please look forward to it! Commitment to Energy Efficiency and Conservation All the products in our All-in-One ESS series prioritize energy efficiency. Optimizing your energy usage helps to maximize the utilization of stored energy. We have adopted intelligent technologies to minimize energy loss and contribute to energy conservation. This translates to significantly minimized power wastage, rendering it an optimal choice for both residential and industrial consumers. Conclusion In short, sustainable home battery solutions pledges a greener future. If you're looking to invest in energy-efficient products, connect with Paris Rh\u00f4ne Energy. We have been a portable power station supplier since 1915. Our sustainable practices have fostered clean energy adoption and made a positive impact on the environment. If you also attach great importance to these aspects, then come to our booth for detailed information! For more information, please visit https:\/\/www.energyparisrhone.com Find Paris Rh\u00f4ne Energy: Facebook: https:\/\/www.facebook.com\/ParisRhoneEnergy Instagram: https:\/\/www.instagram.com\/ ParisRhoneEnergy Twitter: https:\/\/twitter.com\/ParisRhoneEnergy Linkedin: https:\/\/www.linkedin.com\/company\/87128055\/ YouTube: https:\/\/www.youtube.com\/@ParisRhone_Energy\/featured SOURCE Paris Rh\u00f4ne Energy","filter_flag":1}
