{"title":"Automotive Tubeless Tire Market Fortune Foresight Anticipating Success with Future Market Size Trends","links":"[{'rel': 'alternate', 'type': 'text\/html', 'href': 'http:\/\/www.bing.com\/news\/apiclick.aspx?ref=FexRss&aid=&tid=667b5d0b474346b6b9fc40510db2d60c&url=https%3a%2f%2fwww.taiwannews.com.tw%2fnews%2f5877123&c=5413674781075273942&mkt=en-us'}]","link":"http:\/\/www.bing.com\/news\/apiclick.aspx?ref=FexRss&aid=&tid=667b5d0b474346b6b9fc40510db2d60c&url=https%3a%2f%2fwww.taiwannews.com.tw%2fnews%2f5877123&c=5413674781075273942&mkt=en-us","summary":"Growth In Automotive Industry In Countries, Such As China, Germany, The U.S., And Japan, Rise In Production & Sales Of Vehicles, And Increase In Stringent Fuel Economy & Exhaust Emission Control Norms ...","published":"Sun, 26 May 2024 23:30:00 GMT","published_parsed":"time.struct_time(tm_year=2024, tm_mon=5, tm_mday=26, tm_hour=23, tm_min=30, tm_sec=0, tm_wday=6, tm_yday=147, tm_isdst=0)","news_source":"Taiwan News","title_detail.type":"text\/plain","title_detail.language":null,"title_detail.base":null,"title_detail.value":"Automotive Tubeless Tire Market Fortune Foresight Anticipating Success with Future Market Size Trends","summary_detail.type":"text\/html","summary_detail.language":null,"summary_detail.base":null,"summary_detail.value":"Growth In Automotive Industry In Countries, Such As China, Germany, The U.S., And Japan, Rise In Production & Sales Of Vehicles, And Increase In Stringent Fuel Economy & Exhaust Emission Control Norms ...","query":"https:\/\/www.bing.com\/news\/search?q=\"Emission Control\" \"new products\"&format=rss","text":"The latest research report on \u201cAutomotive Tubeless Tire Market\u201d by Report Ocean offers a comprehensive understanding of the market, considering various factors such as demographics, business cycles, and microeconomic requirements specific to the market under study. \u27a4 Download Free Sample \u27a4 Download Free Sample of This Strategic Report with Industry Analysis @: https:\/\/reportocean.com\/industry-verticals\/sample-request?report_id=31332 Automotive Tubeless Tire Is Circular Shaped Automobile Component Used To Cover Wheel\u2019s Rim Externally To Protect It And Enhance The Vehicle Performance, And To Offer Tractive Force Between The Road Surface And Vehicle. Moreover, Tubeless Tire Does Not Comprise Inner Tube, In Which The Outer Surface Of Tire Makes An Air Tight Seal With The Rim Of The Wheel. The Valve Is Directly Mounted In Rim Of The Wheel, Through Which Air Is Held Inside The Tire. The Advance Manufacturing Technique Of Tubeless Tires With Advanced Materials & Utilizing Nanotechnology And Benefits, Such As Significant Noise, Vibration, And Harshness (Nvh) Performance, Better Fuel Efficiency, Better Heat Dissipation, And Better Bump Absorption, Make Them An Outstanding Alternative To Conventional Pneumatic Tires. Growth In Automotive Industry In Countries, Such As China, Germany, The U.S., And Japan, Rise In Production & Sales Of Vehicles, And Increase In Stringent Fuel Economy & Exhaust Emission Control Norms Largely Driving The Automotive Tubeless Tire Market. However, Huge Capital Investment Required For Setting Up New Manufacturing Facilities And Volatile Raw Material Prices Restraining The Market Growth. In Addition, Commercialization Of Air-Less Tire In Heavy-Duty Vehicles Is Anticipated To Hamper The Market Growth. Irrespective Of These Challenges, Rise In Demand For Tubeless Tire In Aftermarket And Advancement In Technology (Manufacture Of Lightweight Tubeless Tire By Using Lightweight Material) Are Expected To Create Numerous Opportunities For New Products And Boost The Market Growth. Request To Download Sample of This Strategic Report:- https:\/\/reportocean.com\/industry-verticals\/sample-request?report_id=31332 The Market Segmentation Is Based On Type, Vehicle Type, Distribution Channel, And Geography. Based On Type, It Is Bifurcated Into Radial And Bias Tubeless Tires. Based On Vehicle Type, It Is Categorized Into Two-Wheelers, Passenger Cars, And Commercial Vehicles. Based On Distribution Channel, It Is Segmented Into Original Equipment Manufacturer (Oem) And Aftermarket. Geographically, The Market Is Analyzed Across North America, Europe, Asia-Pacific, And Lamea. Key Players Profiled In The Report Include Bridgestone Corporation, The Goodyear Tyre & Rubber Company, Continental Ag, Michelin, Pirelli Tyre S.P.A., Sumitomo Rubber Industries, Ltd., Hankook Tire Co. Ltd., Cst., Yokohama Tire Corporation., And Toyo Tire & Rubber Co. Ltd. Key Benefits The Report Includes An Extensive Analysis Of The Factors That Drive And Restrains The Global Automotive Tubeless Tire Market. Factors Affecting Market Growth And Projections From 2016 To 2023 Are Included. The Report Also Provides Quantitative And Qualitative Trends To Assist The Stakeholders To Understand The Situations Prevailing In The Market. In-Depth Analysis Of Key Segments Demonstrates Stakeholders With Different Types Of Tubeless Tire And Different Vehicle Types. Competitive Intelligence Highlights The Business Practices Followed By Key Market Players Globally. Automotive Tubeless Tire Market Key Segments By Type Radial Bias To Get More Business Strategies For Request Sample Report: https:\/\/reportocean.com\/industry-verticals\/sample-request?report_id=31332 By Vehicle Type Two-Wheeler Passenger Car Commercial Vehicle By Distribution Channel Original Equipment Manufacturer (Oem) Aftermarket By Geography North America U.S. Canada Mexico Europe Germany Uk Italy France Rest Of Europe Asia-Pacific China Australia India Japan Rest Of Asia-Pacific Lamea Latin America Middle East Africa Table of Content: Report Overview Global Growth Trends Competition Landscape by Key Players Data Segments North America Market Analysis Europe Market Analysis Asia-Pacific Market Analysis Latin America Market Analysis Middle East & Africa Market Analysis Key Players Profiles Market Analysis Analysts Viewpoints\/Conclusions Appendix Instant Buy This Report and Get A Flat 30% Discount: @: https:\/\/reportocean.com\/industry-verticals\/sample-request?report_id=31332 Highlight the Following Key Factors: Business Description: a particular description of agency operations and enterprise departments. a particular description of agency operations and enterprise departments. Company Strategy: The analyst\u2019s precis of the company\u2019s commercial enterprise strategy. The analyst\u2019s precis of the company\u2019s commercial enterprise strategy. SWOT Analysis: Detailed evaluation of the company\u2019s strengths, weaknesses, opportunities, and threats. Detailed evaluation of the company\u2019s strengths, weaknesses, opportunities, and threats. Company History : The development of predominant occasions associated to the company. : The development of predominant occasions associated to the company. Main merchandise and services: A listing of the company\u2019s fundamental products, services, and brands. A listing of the company\u2019s fundamental products, services, and brands. Main Competitors: A listing of the company\u2019s fundamental competitors. A listing of the company\u2019s fundamental competitors. Important places and subsidiaries: The company\u2019s major places and subsidiaries\u2019 listing and contact information. The company\u2019s major places and subsidiaries\u2019 listing and contact information. Detailed economic ratios of the previous 5 years: The trendy monetary ratios come from the annual economic statements issued by means of agencies with a record of 5 years. Report Highlights: Introduction: Overview of the market pre-COVID-19, setting the stage for an in-depth analysis of pandemic-induced disruptions. Overview of the market pre-COVID-19, setting the stage for an in-depth analysis of pandemic-induced disruptions. Market Dynamics: Examination of the initial downturn in demand for container shipping as global lockdowns took effect, followed by a surge in demand for essential goods, exposing the vulnerabilities and resilience of supply chains. Examination of the initial downturn in demand for container shipping as global lockdowns took effect, followed by a surge in demand for essential goods, exposing the vulnerabilities and resilience of supply chains. Supply Chain Disruptions: Insight into the logistical challenges, including port congestion, container shortages, and imbalances that plagued the industry, and their implications on global trade. Insight into the logistical challenges, including port congestion, container shortages, and imbalances that plagued the industry, and their implications on global trade. Price Fluctuations and Shipping Costs: Analysis of the factors contributing to soaring freight rates and their impact on global commerce and logistics strategies. Analysis of the factors contributing to soaring freight rates and their impact on global commerce and logistics strategies. Digital Transformation: Exploration of how the crisis accelerated digital adoption within the industry, enhancing efficiency in container booking, tracking, and supply chain visibility. Exploration of how the crisis accelerated digital adoption within the industry, enhancing efficiency in container booking, tracking, and supply chain visibility. Strategic Adaptations for Resilienc e: Recommendations for stakeholders on building more robust and flexible supply chains, leveraging lessons learned during the pandemic to mitigate future disruptions. e: Recommendations for stakeholders on building more robust and flexible supply chains, leveraging lessons learned during the pandemic to mitigate future disruptions. Regional Analysis : Detailed examination of how different regions were affected by and responded to the crisis, including the role of government regulations and safety measures. : Detailed examination of how different regions were affected by and responded to the crisis, including the role of government regulations and safety measures. Market Opportunities: Identification of emerging opportunities within the sector, including increased e-commerce demand and the critical role of containers in vaccine distribution. Identification of emerging opportunities within the sector, including increased e-commerce demand and the critical role of containers in vaccine distribution. Strategic Recommendations for Stakeholders: Tailored advice for entrepreneurs, CEOs, and industry leaders on navigating the post-pandemic market landscape, focusing on risk mitigation and strategic investments. Request Full Report : https:\/\/reportocean.com\/industry-verticals\/sample-request?report_id=31332 About Report Ocean: We are the best market research reports provider in the industry. Report Ocean is the world\u2019s leading research company, known for its informative research reports. We are committed to providing our clients with both quantitative and qualitative research results. As a part of our global network and comprehensive industry coverage, we offer in-depth knowledge, allowing informed and strategic business conclusions to report. We utilize the most recent technology and analysis tools along with our own unique research models and years of expertise, which assist us to create necessary details and facts that exceed expectations. Get in Touch with Us: Report Ocean: Email: [email protected] Address: 500 N Michigan Ave, Suite 600, Chicago, Illinois 60611 \u2013 UNITED STATES Tel:+1888 212 3539 (US \u2013 TOLL FREE) Global Website : https:\/\/reportocean.com Japan Website : https:\/\/reportocean.co.jp","filter_flag":1}
