{"title":"Schleich Unveils Global Sustainability Initiative - The Toy Book","links":"[{'rel': 'alternate', 'type': 'text\/html', 'href': 'https:\/\/news.google.com\/rss\/articles\/CBMiRmh0dHBzOi8vdG95Ym9vay5jb20vc2NobGVpY2gtdW52ZWlscy1nbG9iYWwtc3VzdGFpbmFiaWxpdHktaW5pdGlhdGl2ZS_SAQA?oc=5'}]","link":"https:\/\/news.google.com\/rss\/articles\/CBMiRmh0dHBzOi8vdG95Ym9vay5jb20vc2NobGVpY2gtdW52ZWlscy1nbG9iYWwtc3VzdGFpbmFiaWxpdHktaW5pdGlhdGl2ZS_SAQA?oc=5","id":"CBMiRmh0dHBzOi8vdG95Ym9vay5jb20vc2NobGVpY2gtdW52ZWlscy1nbG9iYWwtc3VzdGFpbmFiaWxpdHktaW5pdGlhdGl2ZS_SAQA","guidislink":false,"published":"Wed, 04 Jan 2023 08:00:00 GMT","published_parsed":"time.struct_time(tm_year=2023, tm_mon=1, tm_mday=4, tm_hour=8, tm_min=0, tm_sec=0, tm_wday=2, tm_yday=4, tm_isdst=0)","summary":"<a href=\"https:\/\/news.google.com\/rss\/articles\/CBMiRmh0dHBzOi8vdG95Ym9vay5jb20vc2NobGVpY2gtdW52ZWlscy1nbG9iYWwtc3VzdGFpbmFiaWxpdHktaW5pdGlhdGl2ZS_SAQA?oc=5\" target=\"_blank\">Schleich Unveils Global Sustainability Initiative<\/a>&nbsp;&nbsp;<font color=\"#6f6f6f\">The Toy Book<\/font>","title_detail.type":"text\/plain","title_detail.language":null,"title_detail.base":null,"title_detail.value":"Schleich Unveils Global Sustainability Initiative - The Toy Book","summary_detail.type":"text\/html","summary_detail.language":null,"summary_detail.base":null,"summary_detail.value":"<a href=\"https:\/\/news.google.com\/rss\/articles\/CBMiRmh0dHBzOi8vdG95Ym9vay5jb20vc2NobGVpY2gtdW52ZWlscy1nbG9iYWwtc3VzdGFpbmFiaWxpdHktaW5pdGlhdGl2ZS_SAQA?oc=5\" target=\"_blank\">Schleich Unveils Global Sustainability Initiative<\/a>&nbsp;&nbsp;<font color=\"#6f6f6f\">The Toy Book<\/font>","source.href":"https:\/\/toybook.com","source.title":"The Toy Book","query":"https:\/\/news.google.com\/rss\/search?q=\"Long-lasting materials\" \"new products\"+after:2023-01-01+before:2023-01-31","text":"James Zahn James Zahn, AKA The Rock Father, is Editor-in-Chief of The Toy Book, a Senior Editor at The Toy Insider and The Pop Insider, and Editor of The Toy Report, The Toy Book\u2018s weekly industry newsletter. As a pop culture and toy industry expert, Zahn has appeared as a panelist and guest at events including Comic-Con International: San Diego (SDCC) Wizard World Chicago, and the ASTRA Marketplace & Academy. Zahn has more than 30 years of experience in the entertainment, retail, and publishing industries, and is frequently called upon to offer expert commentary for publications such as Forbes, Marketwatch, the Wall Street Journal, the New York Times, USA Today, Reuters, the Washington Post, and more. James has appeared on History Channel\u2019s Modern Marvels, was interviewed by Larry King and Anderson Cooper, and has been seen on Yahoo! Finance, CNN, CNBC, FOX Business, NBC, ABC, CBS, WGN, The CW, and more. Zahn joined the Adventure Media & Events family in 2016, initially serving as a member of the Parent Advisory Board after penning articles for the Netflix Stream Team, Fandango Family, PBS KIDS, Sprout Parents (now Universal Kids), PopSugar, and Chicago Parent. He eventually joined the company full time as a Senior Editor and moved up the ranks to Deputy Editor and Editor-in-Chief.","filter_flag":1}
