{"title":"Top 10 Best Waste Management Companies In Europe 2023 - Inventiva","links":"[{'rel': 'alternate', 'type': 'text\/html', 'href': 'https:\/\/news.google.com\/rss\/articles\/CBMiRGh0dHBzOi8vd3d3LmludmVudGl2YS5jby5pbi9zdG9yaWVzL3dhc3RlLW1hbmFnZW1lbnQtY29tcGFuaWVzLTIwMjMv0gEA?oc=5'}]","link":"https:\/\/news.google.com\/rss\/articles\/CBMiRGh0dHBzOi8vd3d3LmludmVudGl2YS5jby5pbi9zdG9yaWVzL3dhc3RlLW1hbmFnZW1lbnQtY29tcGFuaWVzLTIwMjMv0gEA?oc=5","id":"CBMiRGh0dHBzOi8vd3d3LmludmVudGl2YS5jby5pbi9zdG9yaWVzL3dhc3RlLW1hbmFnZW1lbnQtY29tcGFuaWVzLTIwMjMv0gEA","guidislink":false,"published":"Wed, 19 Apr 2023 07:00:00 GMT","published_parsed":"time.struct_time(tm_year=2023, tm_mon=4, tm_mday=19, tm_hour=7, tm_min=0, tm_sec=0, tm_wday=2, tm_yday=109, tm_isdst=0)","summary":"<a href=\"https:\/\/news.google.com\/rss\/articles\/CBMiRGh0dHBzOi8vd3d3LmludmVudGl2YS5jby5pbi9zdG9yaWVzL3dhc3RlLW1hbmFnZW1lbnQtY29tcGFuaWVzLTIwMjMv0gEA?oc=5\" target=\"_blank\">Top 10 Best Waste Management Companies In Europe 2023<\/a>&nbsp;&nbsp;<font color=\"#6f6f6f\">Inventiva<\/font>","title_detail.type":"text\/plain","title_detail.language":null,"title_detail.base":null,"title_detail.value":"Top 10 Best Waste Management Companies In Europe 2023 - Inventiva","summary_detail.type":"text\/html","summary_detail.language":null,"summary_detail.base":null,"summary_detail.value":"<a href=\"https:\/\/news.google.com\/rss\/articles\/CBMiRGh0dHBzOi8vd3d3LmludmVudGl2YS5jby5pbi9zdG9yaWVzL3dhc3RlLW1hbmFnZW1lbnQtY29tcGFuaWVzLTIwMjMv0gEA?oc=5\" target=\"_blank\">Top 10 Best Waste Management Companies In Europe 2023<\/a>&nbsp;&nbsp;<font color=\"#6f6f6f\">Inventiva<\/font>","source.href":"https:\/\/www.inventiva.co.in","source.title":"Inventiva","query":"https:\/\/news.google.com\/rss\/search?q=\"Soil Remediation\" \"new products\"+after:2023-04-01+before:2023-04-30","text":"Waste management is a crucial aspect of modern society, and its significance cannot be overstated. Here are some of the reasons why waste management is so important: Public Health: Poor waste management practices can lead to the spread of diseases and illnesses. Proper waste management, including the safe disposal of hazardous waste, can help to prevent the spread of disease and protect public health. Environmental Protection: Improper waste management can lead to pollution of land, water, and air. This can have a detrimental impact on the environment, leading to ecosystem damage, soil and water contamination, and air pollution. Proper waste management can help to minimize these negative impacts and promote a cleaner, healthier environment. Resource Conservation: Many materials that are considered waste can be reused, recycled, or repurposed. Proper waste management can help to conserve natural resources by diverting materials from landfills and using them to create new products or generate energy. Energy Generation: Waste can be used to generate energy through a variety of technologies, including incineration and anaerobic digestion. By using waste to generate energy, we can reduce our reliance on non-renewable resources and reduce greenhouse gas emissions. Economic Benefits: Proper waste management can also have economic benefits. By recycling and reusing materials, we can reduce the need for new resource extraction and create new jobs in the recycling and waste management industries. In conclusion, waste management is an essential aspect of modern society. It plays a crucial role in protecting public health, preserving the environment, conserving natural resources, generating energy, and providing economic benefits. As the world\u2019s population continues to grow, it is essential that we develop sustainable waste management practices to ensure a healthy and prosperous future for generations to come. Here are some of the top waste management companies in Europe: Veolia Veolia is a French multinational company that specializes in water, waste, and energy management. With operations in over 40 countries, the company offers a wide range of services, including waste collection, treatment, and disposal, as well as recycling and energy recovery. Veolia\u2019s focus on sustainability and environmental protection has earned it a reputation as one of the most innovative and forward-thinking waste management companies in Europe. Veolia is a French multinational company that provides a range of environmental services, including waste management, water treatment, and energy services. The company was founded in 1853 and has since grown to become a world leader in sustainable development and environmental solutions. Veolia\u2019s waste management services include the collection, treatment, and disposal of all types of waste. The company operates a wide range of waste treatment facilities, including incineration plants, landfill sites, and recycling centers. The company\u2019s focus on sustainability and innovation has allowed it to develop new technologies for waste management, such as energy recovery and waste-to-energy technologies. Veolia also operates a range of water treatment facilities, providing safe drinking water and wastewater treatment solutions to communities around the world. The company\u2019s energy services division provides a range of energy management and optimization solutions, including energy efficiency, renewable energy, and district heating and cooling systems. In addition to its core business areas, Veolia is committed to sustainability and has implemented several initiatives to reduce its environmental impact. The company has set ambitious targets to reduce its greenhouse gas emissions and has invested heavily in renewable energy and waste-to-energy technologies. Overall, Veolia is a leading environmental services company that is committed to sustainability and innovation. Its wide range of services and investment in new technologies make it a key player in the global waste management and environmental solutions industry. SUEZ SUEZ is a French-based company that provides water and waste management solutions. With operations in Europe, Asia, and North America, the company offers a range of services, including waste collection and treatment, as well as recycling and energy recovery. SUEZ has a strong commitment to sustainable development and is actively working to reduce its environmental impact while providing efficient and effective waste management solutions. SUEZ is a French-based company that provides a range of environmental services, including water and waste management solutions. The company was founded in 1858 and has since grown to become a world leader in sustainable development and environmental solutions. SUEZ\u2019s waste management services include the collection, treatment, and disposal of all types of waste. The company operates a range of waste treatment facilities, including landfill sites, recycling centers, and waste-to-energy plants. SUEZ\u2019s focus on sustainability has led to the development of new technologies for waste management, such as mechanical-biological treatment (MBT) and anaerobic digestion. SUEZ\u2019s water management services include water treatment, distribution, and management, as well as wastewater treatment and reuse. The company operates a range of water treatment facilities, including desalination plants, to provide safe drinking water and wastewater treatment solutions to communities around the world. SUEZ is also involved in resource recovery, using waste as a resource to create new products and generate energy. The company operates several waste-to-energy plants, which use non-recyclable waste to generate electricity and heat. This helps to reduce the amount of waste sent to landfills and provides a sustainable source of energy. Overall, SUEZ is a leading environmental services company that is committed to sustainability and innovation. Its wide range of services and investment in new technologies make it a key player in the global waste management and environmental solutions industry. Renewi Renewi is a waste-to-product company based in the Netherlands that specializes in waste recycling and recovery. The company operates in a number of European countries, including Belgium, Germany, and the United Kingdom, and offers a range of services, including waste collection, treatment, and disposal, as well as recycling and energy recovery. Renewi\u2019s focus on sustainability and circular economy principles has helped it to become one of the leading waste management companies in Europe. Renewi is a waste-to-product company based in the Netherlands that provides waste management, recycling, and recovery solutions. The company was founded in 2017 through the merger of the Shanks Group and Van Gansewinkel Group, two leading waste management companies in Europe. Renewi\u2019s waste management services include waste collection, treatment, and disposal for both commercial and municipal customers. The company\u2019s focus on sustainability has led to the development of new technologies for waste management, such as mechanical-biological treatment (MBT) and anaerobic digestion. Renewi is also involved in resource recovery, using waste as a resource to create new products and generate energy. The company operates several waste-to-energy plants, which use non-recyclable waste to generate electricity and heat. This helps to reduce the amount of waste sent to landfills and provides a sustainable source of energy. Renewi\u2019s recycling facilities are capable of handling a wide range of materials, including paper, cardboard, plastics, glass, and metals. The company uses state-of-the-art technology to sort and process these materials, ensuring that they are recycled efficiently and effectively. Overall, Renewi is a leading waste-to-product company that is committed to sustainability and innovation. Its wide range of services and investment in new technologies make it a key player in the European waste management and recycling industry. Biffa Biffa is a UK-based company that provides waste management services, including collection, treatment, and disposal. With operations throughout the UK, the company offers a range of services, including household waste collection, commercial waste management, and recycling. Biffa has a strong commitment to sustainability and has invested heavily in renewable energy and waste-to-energy technologies. Biffa is a UK-based company that provides waste management, recycling, and energy recovery solutions. The company was founded in 1912 and has since grown to become one of the largest waste management companies in the UK. Biffa\u2019s waste management services include the collection, treatment, and disposal of all types of waste. The company operates a range of waste treatment facilities, including landfill sites, recycling centers, and waste-to-energy plants. Biffa\u2019s focus on sustainability has led to the development of new technologies for waste management, such as mechanical-biological treatment (MBT) and anaerobic digestion. Biffa is also involved in resource recovery, using waste as a resource to create new products and generate energy. The company operates several waste-to-energy plants, which use non-recyclable waste to generate electricity and heat. This helps to reduce the amount of waste sent to landfills and provides a sustainable source of energy. Biffa\u2019s recycling facilities are capable of handling a wide range of materials, including paper, plastics, glass, and metals. The company uses state-of-the-art technology to sort and process these materials, ensuring that they are recycled efficiently and effectively. Overall, Biffa is a leading waste management and environmental services company that is committed to sustainability and innovation. Its wide range of services and investment in new technologies make it a key player in the UK waste management and recycling industry. FCC Environment FCC Environment is a Spanish-based company that provides waste management services, including recycling, treatment, and energy recovery. With operations in Spain, the UK, and Central Europe, the company offers a range of services, including waste collection, treatment, and disposal, as well as recycling and energy recovery. FCC Environment is committed to sustainable development and has been recognized for its efforts in reducing its environmental impact. FCC Environment is a Spanish-based company that provides waste management, recycling, and energy recovery solutions. The company is a subsidiary of FCC Group, a leading European infrastructure, and environmental services company. FCC Environment\u2019s waste management services include the collection, treatment, and disposal of all types of waste. The company operates a range of waste treatment facilities, including landfill sites, recycling centers, and waste-to-energy plants. FCC Environment\u2019s focus on sustainability has led to the development of new technologies for waste management, such as mechanical-biological treatment (MBT) and anaerobic digestion. FCC Environment is also involved in resource recovery, using waste as a resource to create new products and generate energy. The company operates several waste-to-energy plants, which use non-recyclable waste to generate electricity and heat. This helps to reduce the amount of waste sent to landfills and provides a sustainable source of energy. FCC Environment\u2019s recycling facilities are capable of handling a wide range of materials, including paper, plastics, glass, and metals. The company uses state-of-the-art technology to sort and process these materials, ensuring that they are recycled efficiently and effectively. Overall, FCC Environment is a leading waste management and environmental services company that is committed to sustainability and innovation. Its wide range of services and investment in new technologies make it a key player in the global waste management and environmental solutions industry. ECOLOGIC ECOLOGIC is a Swiss-based company that provides waste management solutions, including waste disposal, recycling, and energy recovery. The company offers a range of services, including hazardous waste management, industrial cleaning, and soil remediation. ECOLOGIC has a strong commitment to sustainability and has implemented a number of measures to reduce its environmental impact. Ecologic is a German-based company that provides a range of environmental services, including waste management, recycling, and energy recovery. The company was founded in 1995 and has since grown to become a leading provider of sustainable waste management solutions in Germany and beyond. Ecologic\u2019s waste management services include the collection, treatment, and disposal of all types of waste. The company operates a range of waste treatment facilities, including landfill sites, recycling centers, and waste-to-energy plants. Ecologic\u2019s focus on sustainability has led to the development of new technologies for waste management, such as mechanical-biological treatment (MBT) and anaerobic digestion. Ecologic is also involved in resource recovery, using waste as a resource to create new products and generate energy. The company operates several waste-to-energy plants, which use non-recyclable waste to generate electricity and heat. This helps to reduce the amount of waste sent to landfills and provides a sustainable source of energy. Ecologic\u2019s recycling facilities are capable of handling a wide range of materials, including paper, plastics, glass, and metals. The company uses state-of-the-art technology to sort and process these materials, ensuring that they are recycled efficiently and effectively. In addition to waste management and recycling, Ecologic provides a range of environmental services, including environmental consulting, hazardous waste management, and remediation services. Overall, Ecologic is a leading environmental services company that is committed to sustainability and innovation. Its wide range of services and investment in new technologies make it a key player in the European waste management and environmental solutions industry. Ragn-Sells Ragn-Sells is a Swedish-based company that provides waste management services, including collection, treatment, and disposal. With operations throughout the Nordic region, the company offers a range of services, including recycling and energy recovery. Ragn-Sells is committed to sustainable development and has implemented a number of initiatives to reduce its environmental impact. Ragn-Sells is a Swedish-based company that provides waste management, recycling, and environmental services. The company was founded in 1944 and has since grown to become a leading provider of environmental services in Sweden, Norway, Denmark, Estonia, and Latvia. Ragn-Sells\u2019 waste management services include collection, treatment, and disposal of all types of waste. The company operates a range of waste treatment facilities, including landfill sites, recycling centers, and waste-to-energy plants. Ragn-Sells\u2019 focus on sustainability has led to the development of new technologies for waste management, such as mechanical-biological treatment (MBT) and anaerobic digestion. Ragn-Sells is also involved in resource recovery, using waste as a resource to create new products and generate energy. The company operates several waste-to-energy plants, which use non-recyclable waste to generate electricity and heat. This helps to reduce the amount of waste sent to landfills and provides a sustainable source of energy. Ragn-Sells\u2019 recycling facilities are capable of handling a wide range of materials, including paper, plastics, glass, and metals. The company uses state-of-the-art technology to sort and process these materials, ensuring that they are recycled efficiently and effectively. In addition to waste management and recycling, Ragn-Sells provides a range of environmental services, including environmental consulting, hazardous waste management, and remediation services. Overall, Ragn-Sells is a leading waste management and environmental services company that is committed to sustainability and innovation. Its wide range of services and investment in new technologies make it a key player in the European waste management and recycling industry. Remondis Remondis is a German-based company that provides waste management services, including collection, transport, and recycling. With operations throughout Europe, the company offers a range of services, including commercial waste management, recycling, and energy recovery. Remondis is committed to sustainable development and has invested heavily in renewable energy and waste-to-energy technologies. Remondis is a German-based company that provides waste management services, including collection, transport, and recycling. The company was founded in 1934 and has since grown to become one of the largest waste management companies in Europe, with operations in over 30 countries worldwide. Remondis provides a range of waste management services, including commercial and industrial waste collection, recycling, and energy recovery. The company is committed to sustainability and has invested heavily in renewable energy and waste-to-energy technologies. Remondis\u2019 recycling facilities are capable of handling a wide range of materials, including paper, cardboard, plastics, glass, and metals. The company uses state-of-the-art technology to sort and process these materials, ensuring that they are recycled efficiently and effectively. In addition to recycling, Remondis is also involved in energy recovery. The company operates several waste-to-energy plants, which use non-recyclable waste to generate electricity and heat. This helps to reduce the amount of waste sent to landfills and provides a sustainable source of energy. Overall, Remondis is a leading waste management company that is committed to sustainability and innovation. Its wide range of services and investment in new technologies make it a key player in the European waste management industry. Ros Roca Ros Roca is a Spanish-based company that provides waste management solutions, including waste collection and treatment, as well as recycling, and energy recovery. Ros Roca is a Spanish-based waste management company that provides a range of waste management solutions, including waste collection and treatment, recycling, and energy recovery. The company was founded in 1956 and has since grown to become a leading waste management company in Europe and Latin America. Ros Roca offers a range of waste collection services, including municipal, industrial, and commercial waste collection. The company also operates several waste treatment facilities, including landfills, composting facilities, and waste-to-energy plants. These facilities are designed to handle a wide range of waste streams and provide efficient and effective waste management solutions. In addition to waste collection and treatment, Ros Roca is also involved in recycling. The company operates several recycling facilities, which are capable of processing a range of materials, including paper, plastics, glass, and metals. These facilities are equipped with state-of-the-art technology, which allows for the efficient and effective recycling of these materials. Ros Roca is also committed to sustainable development and has implemented several initiatives to reduce its environmental impact. The company has invested heavily in renewable energy and waste-to-energy technologies, which help to reduce the amount of waste sent to landfills and provides a sustainable source of energy. Overall, Ros Roca is a leading waste management company that is committed to sustainability and innovation. Its wide range of services and investment in new technologies make it a key player in the European waste management industry. Amey is a UK-based company that provides a range of services, including waste management, recycling, and resource recovery. The company was founded in 1921 and has since grown to become a leading provider of infrastructure and support services in the UK and internationally. Amey\u2019s waste management services include household and commercial waste collection, treatment, and disposal. The company also operates several recycling facilities, which are capable of processing a wide range of materials, including paper, plastics, glass, and metals. These facilities use state-of-the-art technology to sort and process materials efficiently and effectively. In addition to waste management and recycling, Amey is also involved in resource recovery. The company operates several energy-from-waste plants, which use non-recyclable waste to generate electricity and heat. This helps to reduce the amount of waste sent to landfills and provides a sustainable source of energy. Amey is committed to sustainability and has implemented several initiatives to reduce its environmental impact. The company has a strong focus on reducing its carbon footprint and has set ambitious targets to reduce greenhouse gas emissions across its operations. Overall, Amey is a leading waste management company that is committed to sustainability and innovation. Its wide range of services and investment in new technologies make it a key player in the UK and international waste management industry.","filter_flag":1}
